id	clean_title	title	image_url	hasImage	created_utc	domain	subreddit	2_way_label
demo000	Front page announces free electricity for every household next month	Front page announces free electricity for every household next month	https://upload.wikimedia.org/wikipedia/commons/thumb/d/d5/10-04-2010_in_Warsaw.jpg/960px-10-04-2010_in_Warsaw.jpg	True	1767225600	commons.wikimedia.org	fakenews	0
demo001	Newspapers on display at a Tehran newsstand	Newspapers on display at a Tehran newsstand	https://upload.wikimedia.org/wikipedia/commons/d/d0/2011_newspapers_Tehran_6030393078.jpg	True	1767229200	commons.wikimedia.org	news	1
demo002	Viral photo claims a new law bans all private cars downtown	Viral photo claims a new law bans all private cars downtown	https://upload.wikimedia.org/wikipedia/commons/thumb/e/e2/A_Daily_Newspaper_Seller.jpg/960px-A_Daily_Newspaper_Seller.jpg	True	1767232800	commons.wikimedia.org	fakenews	0
demo003	Newspaper vending machine on a street in Mississippi	Newspaper vending machine on a street in Mississippi	https://upload.wikimedia.org/wikipedia/commons/thumb/3/32/A_newspaper_vending_machine_in_Mississippi%2C_USA.jpg/960px-A_newspaper_vending_machine_in_Mississippi%2C_USA.jpg	True	1767236400	commons.wikimedia.org	news	1
demo004	Headline claims a common kitchen spice was approved as a vaccine	Headline claims a common kitchen spice was approved as a vaccine	https://upload.wikimedia.org/wikipedia/commons/c/c8/Death_to_fascism_%28newspaper%29.jpg	True	1767240000	commons.wikimedia.org	fakenews	0
demo005	Historic front page reporting the first landing on the Moon	Historic front page reporting the first landing on the Moon	https://upload.wikimedia.org/wikipedia/commons/thumb/9/9a/Land_on_the_Moon_7_21_1969-repair.jpg/960px-Land_on_the_Moon_7_21_1969-repair.jpg	True	1767243600	commons.wikimedia.org	news	1
demo006	Famous mistaken headline reused to claim an election was overturned	Famous mistaken headline reused to claim an election was overturned	https://upload.wikimedia.org/wikipedia/commons/thumb/0/09/Dewey_Defeats_Truman.jpg/960px-Dewey_Defeats_Truman.jpg	True	1767247200	commons.wikimedia.org	fakenews	0
demo007	Front page of a regional newspaper published in 1865	Front page of a regional newspaper published in 1865	https://upload.wikimedia.org/wikipedia/commons/thumb/4/4d/Front_Page_of_the_Fayetteville_Observer_newspaper_from_March_9%2C_1865.jpg/960px-Front_Page_of_the_Fayetteville_Observer_newspaper_from_March_9%2C_1865.jpg	True	1767250800	commons.wikimedia.org	news	1
demo008	Doctored press photo circulated as proof of a cancelled summit	Doctored press photo circulated as proof of a cancelled summit	https://upload.wikimedia.org/wikipedia/commons/thumb/c/c2/Rus_newspaper_1905.jpg/960px-Rus_newspaper_1905.jpg	True	1767254400	commons.wikimedia.org	fakenews	0
demo009	Reader at a cafe terrace in Athens in 1979	Reader at a cafe terrace in Athens in 1979	https://upload.wikimedia.org/wikipedia/commons/thumb/a/ad/Man_reading_a_newspaper_at_a_caf%C3%A9_terrace_in_Athens%2C_Greece_-_1979.jpg/960px-Man_reading_a_newspaper_at_a_caf%C3%A9_terrace_in_Athens%2C_Greece_-_1979.jpg	True	1767258000	commons.wikimedia.org	news	1
demo010	Old advertisement presented as a recent government announcement	Old advertisement presented as a recent government announcement	https://upload.wikimedia.org/wikipedia/commons/thumb/a/a9/Old_newspaper_ad.png/960px-Old_newspaper_ad.png	True	1767261600	commons.wikimedia.org	fakenews	0
demo011	Group of newspaper vending machines on a city sidewalk	Group of newspaper vending machines on a city sidewalk	https://upload.wikimedia.org/wikipedia/commons/thumb/0/01/Group_of_Newspaper_Vending_Machines.jpg/960px-Group_of_Newspaper_Vending_Machines.jpg	True	1767265200	commons.wikimedia.org	news	1
demo012	Archive front page recycled to claim a bank closure	Archive front page recycled to claim a bank closure	https://upload.wikimedia.org/wikipedia/commons/thumb/b/b9/The_front_page_of_The_Toccoa_Record_newspaper_on_March_8%2C_1901.png/960px-The_front_page_of_The_Toccoa_Record_newspaper_on_March_8%2C_1901.png	True	1767268800	commons.wikimedia.org	fakenews	0
demo013	Newspaper delivery round early in the morning	Newspaper delivery round early in the morning	https://upload.wikimedia.org/wikipedia/commons/thumb/5/53/Newspaper_delivery.jpg/960px-Newspaper_delivery.jpg	True	1767272400	commons.wikimedia.org	news	1
demo014	Post claims the moon will stay invisible for a full week	Post claims the moon will stay invisible for a full week	https://upload.wikimedia.org/wikipedia/commons/thumb/c/c1/Piercing_newspaper_with_a_Slingshot.jpg/960px-Piercing_newspaper_with_a_Slingshot.jpg	True	1767276000	commons.wikimedia.org	fakenews	0
demo015	Headquarters of a local newspaper in North Carolina	Headquarters of a local newspaper in North Carolina	https://upload.wikimedia.org/wikipedia/commons/thumb/1/17/The_Cherokee_Scout_newspaper_headquarters_in_Murphy%2C_North_Carolina.jpg/960px-The_Cherokee_Scout_newspaper_headquarters_in_Murphy%2C_North_Carolina.jpg	True	1767279600	commons.wikimedia.org	news	1
demo016	Fabricated quote attributed to a central bank governor	Fabricated quote attributed to a central bank governor	https://upload.wikimedia.org/wikipedia/commons/thumb/a/a8/USSR_newspaper._Za_Rubezhom._1991_year._img_16.jpg/960px-USSR_newspaper._Za_Rubezhom._1991_year._img_16.jpg	True	1767283200	commons.wikimedia.org	fakenews	0
demo017	USA Today vending machine photographed in a street	USA Today vending machine photographed in a street	https://upload.wikimedia.org/wikipedia/commons/thumb/d/d9/USA_Today_Newspaper_Vending_Machine.jpg/960px-USA_Today_Newspaper_Vending_Machine.jpg	True	1767286800	commons.wikimedia.org	news	1
demo018	Unrelated archive photo used to illustrate a fake evacuation order	Unrelated archive photo used to illustrate a fake evacuation order	https://upload.wikimedia.org/wikipedia/commons/thumb/0/05/Remains_of_an_Arabic_newspaper_in_Al_Kharrara.jpg/960px-Remains_of_an_Arabic_newspaper_in_Al_Kharrara.jpg	True	1767290400	commons.wikimedia.org	fakenews	0
demo019	Man reading the morning paper in Basantapur	Man reading the morning paper in Basantapur	https://upload.wikimedia.org/wikipedia/commons/thumb/a/a0/Old_man_reading_newspaper_early_in_the_morning_at_Basantapur-IMG_6800.jpg/960px-Old_man_reading_newspaper_early_in_the_morning_at_Basantapur-IMG_6800.jpg	True	1767294000	commons.wikimedia.org	news	1
demo020	Screenshot claims a national holiday was added to the calendar	Screenshot claims a national holiday was added to the calendar	https://upload.wikimedia.org/wikipedia/commons/thumb/1/14/The_Franklin_Press_newspaper_in_Franklin%2C_North_Carolina.jpg/960px-The_Franklin_Press_newspaper_in_Franklin%2C_North_Carolina.jpg	True	1767297600	commons.wikimedia.org	fakenews	0
demo021	Stack of newspapers ready for distribution	Stack of newspapers ready for distribution	https://upload.wikimedia.org/wikipedia/commons/thumb/8/8a/Vecteezy_stack-of-newspaper_1961329.jpg/960px-Vecteezy_stack-of-newspaper_1961329.jpg	True	1767301200	commons.wikimedia.org	news	1
demo022	Edited headline claims a stadium was demolished overnight	Edited headline claims a stadium was demolished overnight	https://upload.wikimedia.org/wikipedia/commons/5/52/Newspaper_bag.jpg	True	1767304800	commons.wikimedia.org	fakenews	0
demo023	First issue of the newspaper Erkin-Too	First issue of the newspaper Erkin-Too	https://upload.wikimedia.org/wikipedia/commons/1/1a/The_first_newspaper_%22Erkin-Too%22.jpg	True	1767308400	commons.wikimedia.org	news	1
