id,news_source,label,title,text,url,image_url,published_at
politifact-fake-001,politifact,fake,Officials announce free electricity for every household next month,A widely shared post claims the government will supply electricity at no cost to all homes starting next month. No official source confirms the measure.,https://example-news.org/politifact/free-electricity,https://picsum.photos/seed/free-electricity/800/600.jpg,2026-05-02T09:00:00Z
politifact-real-002,politifact,real,Central bank keeps its key interest rate unchanged,"The central bank confirmed during its scheduled meeting that the main policy rate stays the same, citing stable inflation expectations.",https://example-news.org/politifact/rate-unchanged,https://picsum.photos/seed/rate-unchanged/800/600.jpg,2026-05-03T09:00:00Z
politifact-fake-003,politifact,fake,Viral image claims a new law bans all private cars in the capital,An edited screenshot circulating online states that private vehicles are now forbidden downtown. City officials have issued no such regulation.,https://example-news.org/politifact/ban-private-cars,https://picsum.photos/seed/ban-private-cars/800/600.jpg,2026-05-04T09:00:00Z
politifact-real-004,politifact,real,National weather agency issues a storm warning for the coast,The meteorological service published an official alert ahead of strong winds expected along the coastline this weekend.,https://example-news.org/politifact/storm-warning,https://picsum.photos/seed/storm-warning/800/600.jpg,2026-05-05T09:00:00Z
politifact-fake-005,politifact,fake,Post says a common spice was secretly approved as a vaccine,A misleading article asserts that a kitchen spice received medical approval as a vaccine. Health authorities have not made any such statement.,https://example-news.org/politifact/spice-vaccine,https://picsum.photos/seed/spice-vaccine/800/600.jpg,2026-05-06T09:00:00Z
politifact-real-006,politifact,real,Parliament passes the annual budget after final vote,"Lawmakers approved the yearly budget following the concluding session, with the text now moving to publication.",https://example-news.org/politifact/budget-passed,https://picsum.photos/seed/budget-passed/800/600.jpg,2026-05-07T09:00:00Z
politifact-fake-007,politifact,fake,Rumor claims the moon will disappear for a full week,Several accounts spread the claim that the moon will be invisible for seven days. Astronomers confirm no such event is possible.,https://example-news.org/politifact/moon-disappear,https://picsum.photos/seed/moon-disappear/800/600.jpg,2026-05-08T09:00:00Z
politifact-real-008,politifact,real,Transport ministry launches a new high-speed rail line,"The ministry inaugurated a high-speed connection between two major cities, reducing the travel time significantly.",https://example-news.org/politifact/rail-line,https://picsum.photos/seed/rail-line/800/600.jpg,2026-05-09T09:00:00Z
gossipcop-fake-009,gossipcop,fake,Celebrity reportedly buys an entire private island overnight,A tabloid-style post claims a famous singer purchased a whole island in a single day. Representatives have not confirmed the story.,https://example-news.org/gossipcop/private-island,https://picsum.photos/seed/private-island/800/600.jpg,2026-05-10T09:00:00Z
gossipcop-real-010,gossipcop,real,Award ceremony announces this year's list of nominees,Organizers released the official nominee list for the upcoming ceremony across the main film categories.,https://example-news.org/gossipcop/award-nominees,https://picsum.photos/seed/award-nominees/800/600.jpg,2026-05-11T09:00:00Z
gossipcop-fake-011,gossipcop,fake,Actor allegedly quits acting to become a full-time astronaut,A viral article states that a well-known actor abandoned cinema to join a space program. No agency has corroborated the claim.,https://example-news.org/gossipcop/actor-astronaut,https://picsum.photos/seed/actor-astronaut/800/600.jpg,2026-05-12T09:00:00Z
gossipcop-real-012,gossipcop,real,Music festival confirms its headliners for the summer edition,The festival's organizing team officially announced the main performers scheduled for the summer line-up.,https://example-news.org/gossipcop/festival-headliners,https://picsum.photos/seed/festival-headliners/800/600.jpg,2026-05-13T09:00:00Z
gossipcop-fake-013,gossipcop,fake,Photo claims two rival stars secretly opened a restaurant together,An unverified post asserts that two competing celebrities co-own a new restaurant. Neither party has acknowledged the rumor.,https://example-news.org/gossipcop/rival-restaurant,https://picsum.photos/seed/rival-restaurant/800/600.jpg,2026-05-14T09:00:00Z
gossipcop-real-014,gossipcop,real,Streaming platform renews a popular series for a new season,"The platform confirmed the renewal of a successful show, with production expected to start later this year.",https://example-news.org/gossipcop/series-renewed,https://picsum.photos/seed/series-renewed/800/600.jpg,2026-05-15T09:00:00Z
gossipcop-fake-015,gossipcop,fake,Report says a film was shot entirely on a single phone in one day,A sensational claim states that a feature film was recorded on one smartphone within twenty-four hours. The studio denies the account.,https://example-news.org/gossipcop/phone-film,https://picsum.photos/seed/phone-film/800/600.jpg,2026-05-16T09:00:00Z
gossipcop-real-016,gossipcop,real,Director shares the official release date of the next blockbuster,"During a press event, the director revealed the confirmed theatrical release date for the upcoming blockbuster.",https://example-news.org/gossipcop/release-date,https://picsum.photos/seed/release-date/800/600.jpg,2026-05-17T09:00:00Z
politifact-fake-017,politifact,fake,Message claims tap water will be replaced by sparkling water citywide,A chain message asserts that the city will switch its entire tap supply to sparkling water. The utility company calls it false.,https://example-news.org/politifact/sparkling-water,https://picsum.photos/seed/sparkling-water/800/600.jpg,2026-05-18T09:00:00Z
politifact-real-018,politifact,real,Education department updates the national exam calendar,"The department published the revised schedule for national examinations, available on its official website.",https://example-news.org/politifact/exam-calendar,https://picsum.photos/seed/exam-calendar/800/600.jpg,2026-05-19T09:00:00Z
gossipcop-fake-019,gossipcop,fake,Star supposedly trademarks a common everyday word,A misleading post claims a celebrity legally trademarked an ordinary word everyone uses. No trademark filing supports this.,https://example-news.org/gossipcop/trademark-word,https://picsum.photos/seed/trademark-word/800/600.jpg,2026-05-20T09:00:00Z
gossipcop-real-020,gossipcop,real,Theatre company announces a national tour for its new play,The company confirmed the cities and venues for the upcoming tour of its latest stage production.,https://example-news.org/gossipcop/theatre-tour,https://picsum.photos/seed/theatre-tour/800/600.jpg,2026-05-21T09:00:00Z
politifact-fake-021,politifact,fake,Viral claim says public transport will run backwards on weekends,A joke-turned-rumor states that trains will operate in reverse on weekends. The operator confirms schedules are unchanged.,https://example-news.org/politifact/reverse-transport,https://picsum.photos/seed/reverse-transport/800/600.jpg,2026-05-22T09:00:00Z
politifact-real-022,politifact,real,Health ministry opens a new vaccination campaign for the season,"The ministry launched its seasonal vaccination campaign, detailing eligible groups and available locations.",https://example-news.org/politifact/vaccination-campaign,https://picsum.photos/seed/vaccination-campaign/800/600.jpg,2026-05-23T09:00:00Z
gossipcop-fake-023,gossipcop,fake,Singer reportedly cancels a world tour to open a bakery,An unverified article claims a pop singer scrapped a global tour to run a bakery full time. The management team has not confirmed it.,https://example-news.org/gossipcop/bakery-tour,https://picsum.photos/seed/bakery-tour/800/600.jpg,2026-05-24T09:00:00Z
gossipcop-real-024,gossipcop,real,Studio releases the official trailer for its animated feature,The studio published the first official trailer of its forthcoming animated film on its verified channels.,https://example-news.org/gossipcop/animated-trailer,https://picsum.photos/seed/animated-trailer/800/600.jpg,2026-05-25T09:00:00Z
